INSERT INTO status
VALUES 
(1, 'Available'),
(2, 'Injured'),
(3, 'Suspended');


INSERT INTO position
VALUES 
(1, 'GoalKeeper'),
(2, 'Defender'),
(3, 'Midfielder'),
(4, 'Forward');


INSERT INTO player_role
VALUES 
(1, 'Starter'),
(2, 'Substitute'),
(3, 'Reserve');


INSERT INTO person_type
VALUES 
(1, 'Player'),
(2, 'Manager'),
(3, 'Referee');


INSERT INTO match_type
VALUES 
(1, 'Group Stage'),
(2, 'Round of 16'),
(3, 'Quarter-final'),
(4, 'Semi-final'),
(5, 'Final');


INSERT INTO `group` (GroupID)
VALUES ('B'), ('C'), ('E'), ('H');


INSERT INTO person (PersonID, PersonType, FirstName, LastName, Age, Nationality)
VALUES 
-- managers
(1, 2, 'Jupp', 'Heynckes', 72, 'Germany'),
(2, 2, 'Unai', 'Emery', 46, 'Spain'),
(3, 2, 'Hein', 'Vanhaezebrouck', 54 , 'Belgium'),
(4, 2, 'Brendan', 'Rodgers', 45, 'Ireland'),
(5, 2, 'Antonio', 'Conte', 48, 'Italy'),
(6, 2, 'Diego', 'Simeone', 46, 'Argentina'),
(7, 2, 'Eusebio', 'Di Francesco', 48, 'Italy'),
(8, 2, 'Gurban', 'Gurbanov', 46, 'Azerbaijan'),
(9, 2, 'Massimo', 'Carrera', 54, 'Italy'),
(10, 2, 'Joaquín', 'Caparrós', 62, 'Spain'),
(11, 2, 'Jürgen', 'Klopp', 50 , 'Germany'),
(12, 2, 'Darko', 'Milanič', 50, 'Slovania'),
(13, 2, 'Zinedine', 'Zidane', 45, 'Algeria'),
(14, 2, 'Peter', 'Stöger', 52, 'Austria'),
(15, 2, 'Mauricio', 'Pochettino', 46, 'Argentina'),
(16, 2, 'Bruno', 'Miguel Nunes Baltazar', 40, 'Portugual'),
-- Referees
-- Group B
(17, 3, 'Paolo', 'Tagliavento', 45, 'Italy'),
(18, 3, 'Antonio', 'Mateu Lahoz', 41, 'Spain'),
(19, 3, 'Sergei', 'Karasev', 38, 'Russia'),
(20, 3, 'Pavel', 'Královec', 40, 'Czech Republic'),
(21, 3, 'Daniele', 'Orsato', 42 , 'Italy'),
(22, 3, 'Jesús', 'Gil Manzano', 34, 'Spain'),
-- Group C
(23, 3, 'Cüneyt', 'Çakır', 41, 'Turkey'),
(24, 3, 'Damir', 'Skomina', 41, 'Slovenia'),
(25, 3, 'Tasos', 'Sidiropoulos', 38, 'Greece'),
(26, 3, 'Milorad', 'Mažić', 45, 'Serbia'),
(27, 3, 'Ruddy', 'Buquet', 41 , 'France'),
(28, 3, 'Artur', 'Soares Dias', 38, 'Portugal'),
-- Group E
(29, 3, 'Gianluca', 'Rocchi', 44, 'Italy'),
(30, 3, 'Clément', 'Turpin', 35, 'France'),
(31, 3, 'Deniz', 'Aytekin', 39, 'Turkey'),
(32, 3, 'Danny', 'Makkelie', 35, 'Netherlands'),
(33, 3, 'Aleksei', 'Kulbakov', 38, 'Belarus'),
(34, 3, 'Viktor', 'Kassai', 42, 'Hungary'),
-- Group H
(35, 3, 'Björn', 'Kuipers', 45, 'Netherlands'),
(36, 3, 'Szymon', 'Marciniak', 37, 'Poland'),
(37, 3, 'Benoît', 'Bastien', 35, 'France'),
(38, 3, 'Gianluca', 'Rocchi', 44, 'Italy'),
(39, 3, 'Aleksei', 'Kulbakov', 38 , 'Belarus'),
(40, 3, 'Pavel', 'Královec', 40, 'Czech Republic'),

-- Players
(41, 1,'Alphonse','Areola', 25,'France'),
(42, 1,'Kevin','Trapp', 27,'Germany'),
(43, 1,'Marquinhos', NULL, 23,'Brazil'),
(44, 1,'Thiago','Silva', 33,'Brazil'),
(45, 1,'Yuri','Berchiche', 28,'Spain'),
(46, 1,'Dani','Alves', 35,'Brazil'),
(47, 1,'Thomas','Meunier', 26,'Belgium'),
(48, 1,'Thiago','Motta', 35,'Italy'),
(49, 1,'Adrien','Rabiot', 23,'France'),
(50, 1,'Marco','Verratti', 25,'Italy'),
(51, 1,'Ángel','Di María', 30,'Argentina'),
(52, 1,'Julian','Draxler', 24,'Germany'),
(53, 1,'Javier','Pastore', 28,'Argentina'),
(54, 1,'Edinson','Cavani', 31,'Uruguay'),
(55, 1,'Kylian','Mbappé', 19,'France'),
(56, 1,'Neymar', NULL, 26,'Brazil'),
(57, 1,'Manuel','Neuer', 32,'Germany'),
(58, 1,'Sven','Ulreich', 29,'Germany'),
(59, 1,'Jerome','Boateng', 29,'Germany'),
(60, 1,'Mats','Hummels', 29,'Germany'),
(61, 1,'Rafinha', NULL, 32,'Brazil'),
(62, 1,'Joshua','Kimmich', 23,'Germany'),
(63, 1,'David','Alaba', 25,'Austria'),
(64, 1,'Kingsley','Coman', 21,'France'),
(65, 1,'Javi','Martínez', 29,'Spain'),
(66, 1,'Thiago','Alcántara', 27,'Spain'),
(67, 1,'Arturo','Vidal', 30,'Chile'),
(68, 1,'Thomas','Müller', 28,'Germany'),
(69, 1,'Franck','Ribéry', 35,'France'),
(70, 1,'James','Rodríguez', 26,'Columbia'),
(71, 1,'Robert','Lewandowski', 29,'Poland'),
(72, 1,'Arjen','Robben', 34,'Netherlands'),
(73, 1,'Frank','Boeckx', 31,'Belgium'),
(74, 1,'Matz','Sels', 26,'Belgium'),
(75, 1,'Dennis','Appiah', 25,'France'),
(76, 1,'Leander','Dendoncker', 23,'Belgium'),
(77, 1,'Olivier','Deschacht', 37,'Belgium'),
(78, 1,'Josué', NULL, 25,'Belgium'),
(79, 1,'Uros','Spajic', 25,'Portugal'),
(80, 1,'Ivan','Obradovic', 29,'Serbia'),
(81, 1,'Serigne','Kara Mbodji', 28,'Senegal'),
(82, 1,'Pieter','Gerkens', 22,'Belgium'),
(83, 1,'Sven','Kums', 30,'Belgium'),
(84, 1,'Adrien','Trebel', 27,'France'),
(85, 1,'Massimo','Bruno', 24,'Belgium'),
(86, 1,'Alexandru','Chipciu', 28,'Romania'),
(87, 1,'Lukasz','Teodorczyk', 26,'Poland'),
(88, 1,'Henry','Onyekuru', 20,'Nigeria'),
(89, 1,'Dorus','de Vries', 37,'Netherlands'),
(90, 1,'Craig','Gordon', 35,'Scotland'),
(91, 1,'Dedryck','Boyata', 27,'Belgium'),
(92, 1,'Jozo','Simunovic', 23,'Bosnia and Herzegovina'),
(93, 1,'Mikael','Lustig', 31,'Sweden'),
(94, 1,'Kieran','Tierney', 20,'Scotland'),
(95, 1,'Kristoffer','Ajer', 20,'Norway'),
(96, 1,'Scott','Brown', 32,'Scotland'),
(97, 1,'Callum','McGregor', 24,'Scotland'),
(98, 1,'Olivier','Ntcham', 22,'France'),
(99, 1,'James','Forrest', 26,'Scotland'),
(100, 1,'Tomas','Rogic', 25,'Australia'),
(101, 1,'Moussa','Dembélé', 21,'France'),
(102, 1,'Odsonne','Edouard', 20,'France'),
(103, 1,'Leigh','Griffiths', 27,'Scotland'),
(104, 1,'Scott','Sinclair', 29,'England'),
(105, 1,'Thibaut','Courtois', 25,'Belgium'),
(106, 1,'Gary','Cahill', 32,'England'),
(107, 1,'Andreas','Christensen', 22,'Denmark'),
(108, 1,'Antonio','Rüdiger', 25,'Germany'),
(109, 1,'César','Azpilicueta', 28,'Spain'),
(110, 1,'Marcos','Alonso', 27,'Spain'),
(111, 1,'Tiémoué','Bakayoko', 23,'France'),
(112, 1,'Cesc','Fàbregas', 31,'Spain'),
(113, 1,'N Golo','Kanté', 27,'France'),
(114, 1,'Davide','Zappacosta', 25,'Italy'),
(115, 1,'Danny','Drinkwater', 28,'England'),
(116, 1,'Eden','Hazard', 27,'Belgium'),
(117, 1,'Victor','Moses', 27,'Nigeria'),
(118, 1,'Willian', NULL, 29,'Brazil'),
(119, 1,'Álvaro','Morata', 25,'Spain'),
(120, 1,'Pedro', NULL, 30,'Spain'),
(121, 1,'Jan','Oblak', 25,'Slovenia'),
(122, 1,'Jose','Maria Giménez', 23,'Uruguay'),
(123, 1,'Diego','Godín', 32,'Uruguay'),
(124, 1,'Filipe','Luís', 32,'Brazil'),
(125, 1,'Lucas','Hernandez', 22,'France'),
(126, 1,'Sime','Vrsaljko', 26,'Croatia'),
(127, 1,'Thomas','Partey', 24,'Ghana'),
(128, 1,'Angel','Correa', 23,'Argentina'),
(129, 1,'Gabi', NULL, 34,'Spain'),
(130, 1,'Saúl', NULL, 23,'Spain'),
(131, 1,'Juanfran', NULL, 33,'Spain'),
(132, 1,'Koke', NULL, 26,'Spain'),
(133, 1,'Diego','Costa', 29,'Spain'),
(134, 1,'Kevin','Gameiro', 30,'France'),
(135, 1,'Antoine','Griezmann', 27,'France'),
(136, 1,'Fernando','Torres', 34,'Spain'),
(137, 1,'Alisson','Becker', 25,'Brazil'),
(138, 1,'Federico','Fazio', 31,'Argentina'),
(139, 1,'Kostas','Manolas', 26,'Greece'),
(140, 1,'Bruno','Peres', 28,'Brazil'),
(141, 1,'Aleksandar','Kolarov', 32,'Serbia'),
(142, 1,'Daniele','De Rossi', 34,'Italy'),
(143, 1,'Lorenzo','Pellegrini', 21,'Italy'),
(144, 1,'Gerson', NULL, 20,'Brazil'),
(145, 1,'Maxime','Gonalons', 29,'France'),
(146, 1,'Radja','Nainggolan', 30,'Belgium'),
(147, 1,'Kevin','Strootman', 28,'Netherlands'),
(148, 1,'Alessandro','Florenzi', 27,'Italy'),
(149, 1,'Diego','Perotti', 29,'Argentina'),
(150, 1,'Edin','Dzeko', 32,'Bosnia and Herzegovina'),
(151, 1,'Stephan','El Shaarawy', 25,'Italy'),
(152, 1,'Cengiz','Under', 20,'Turkey'),
(153, 1,'Ibrahim','Sehic', 29,'Bosnia and Herzegovina'),
(154, 1,'Rashad','Ferhad Sadygov', 35,'Azerbaijan'),
(155, 1,'Gara','Garayev', 25,'Azerbaijan'),
(156, 1,'Jakub','Rzezniczak', 31,'Poland'),
(157, 1,'Elvin','Yunuszade', 25,'Azerbaijan'),
(158, 1,'Ansi','Agolli', 35,'Albania'),
(159, 1,'Maksim','Medvedev', 28,'Azerbaijan'),
(160, 1,'Wilde-Donald','Guerrier', 29,'Haiti'),
(161, 1,'Joshgun','Diniyev', 22,'Azerbaijan'),
(162, 1,'Míchel', NULL, 32,'Spain'),
(163, 1,'Richard', NULL, 29,'Azerbaijan'),
(164, 1,'Dani','Quintana', 31,'Spain'),
(165, 1,'Pedro','Henrique', 27,'Brazil'),
(166, 1,'Ramil','Sheydaev', 22,'Azerbaijan'),
(167, 1,'Afran','Ismayilov', 29,'Azerbaijan'),
(168, 1,'Mahir','Madatov', 20,'Azerbaijan'),
(169, 1,'Aleksandr','Selikhov', 24,'Russia'),
(170, 1,'Salvatore','Bocchetti', 31,'Italy'),
(171, 1,'Georgiy','Jikia', 24,'Russia'),
(172, 1,'Ilia','Kutepov', 24,'Russia'),
(173, 1,'Serdar','Tasci', 31,'Germany'),
(174, 1,'Andrey','Eshchenko', 34,'Russia'),
(175, 1,'Dmitriy','Kombarov', 31,'Russia'),
(176, 1,'Fernando', NULL, 26,'Brazil'),
(177, 1,'Mario','Pasalic', 23,'Croatia'),
(178, 1,'Denis','Glushakov', 31,'Russia'),
(179, 1,'Roman','Zobnin', 24,'Russia'),
(180, 1,'Lorenzo','Melgarejo', 27,'Paraguay'),
(181, 1,'Quincy','Promes', 26,'Netherlands'),
(182, 1,'Aleksandr','Samedov', 33,'Russia'),
(183, 1,'Luiz','Adriano', 31,'Brazil'),
(184, 1,'Zé','Luis', 27,'Cape Verde'),
(185, 1,'Sergio','Rico', 24,'Spain'),
(186, 1,'Simon','Kjaer', 29,'Denmark'),
(187, 1,'Clément','Lenglet', 22,'France'),
(188, 1,'Gabriel','Mercado', 31,'Argentina'),
(189, 1,'Sergio','Escudero', 28,'Spain'),
(190, 1,'Johannes','Geis', 24,'Germany'),
(191, 1,'Steven','N Zonzi', 29,'France'),
(192, 1,'Ever','Banega', 29,'Argentina'),
(193, 1,'Joaquin','Correa', 23,'Argentina'),
(194, 1,'Guido','Pizarro', 28,'Argentina'),
(195, 1,'Jesús','Navas', 32,'Spain'),
(196, 1,'Pablo','Sarabia', 25,'Spain'),
(197, 1,'Franco','Vázquez', 29,'Italy'),
(198, 1,'Wissam','Ben Yedder', 27,'France'),
(199, 1,'Luis','Muriel', 27,'Columbia'),
(200, 1,'Nolito', NULL, 31,'Spain'),
(201, 1,'Loris','Karius', 24,'Germany'),
(202, 1,'Simon','Mignolet', 29,'Belgium'),
(203, 1,'Joe','Gomez', 20,'England'),
(204, 1,'Dejan','Lovren', 28,'Croatia'),
(205, 1,'Joël','Matip', 26,'Cameroon'),
(206, 1,'Virgil','van Dijk', 26,'Netherlands'),
(207, 1,'Alberto','Moreno', 25,'Spain'),
(208, 1,'Andrew','Robertson', 24,'Scotland'),
(209, 1,'Emre','Can', 24,'Germany'),
(210, 1,'Jordan','Henderson', 27,'England'),
(211, 1,'Georginio','Wijnaldum', 27,'Netherlands'),
(212, 1,'Roberto','Firmino', 26,'Brazil'),
(213, 1,'James','Milner', 32,'England'),
(214, 1,'Alex','Oxlade-Chamberlain', 24,'England'),
(215, 1,'Sadio','Mané', 26,'Senegal'),
(216, 1,'Mohamed','Salah', 25,'Egypt'),
(217, 1,'Aljaz','Cotman', 24,'Slovenia'),
(218, 1,'Jasmin','Handanovic', 40,'Slovenia'),
(219, 1,'Aleksander','Rajcevic', 31,'Slovenia'),
(220, 1,'Marko','Suler', 35,'Slovenia'),
(221, 1,'Martin','Milec', 26,'Slovenia'),
(222, 1,'Mitja','Viler', 31,'Slovenia'),
(223, 1,'Aleks','Pihler', 24,'Slovenia'),
(224, 1,'Blaz','Vrhovec', 26,'Slovenia'),
(225, 1,'Damjan','Bohar', 26,'Slovenia'),
(226, 1,'Dino','Hotic', 22,'Slovenia'),
(227, 1,'Dare','Vrsic', 33,'Slovenia'),
(228, 1,'Valon','Ahmedi', 23,'Albania'),
(229, 1,'Gregor','Bajde', 24,'Slovenia'),
(230, 1,'Jasmin','Mesanovic', 25,'Bosnia and Herzegovina'),
(231, 1,'Marcos','Tavares', 34,'Brazil'),
(232, 1,'Luka','Zahovic', 22,'Slovenia'),
(233, 1,'Keylor','Navas', 31,'Costa Rica'),
(234, 1,'Nacho', NULL, 28,'Spain'),
(235, 1,'Sergio','Ramos', 32,'Spain'),
(236, 1,'Raphaël','Varane', 25,'France'),
(237, 1,'Dani','Carvajal', 26,'Spain'),
(238, 1,'Marcelo', NULL, 29,'Brazil'),
(239, 1,'Casemiro', NULL, 26,'Brazil'),
(240, 1,'Marco','Asensio', 22,'Spain'),
(241, 1,'Mateo','Kovacic', 24,'Croatia'),
(242, 1,'Toni','Kroos', 28,'Germany'),
(243, 1,'Luka','Modric', 32,'Cre'),
(244, 1,'Gareth','Bale', 28,'Wales'),
(245, 1,'Isco', NULL, 26,'Spain'),
(246, 1,'Lucas','Vázquez', 26,'Spain'),
(247, 1,'Cristiano','Ronaldo', 33,'Portugal'),
(248, 1,'Karim','Benzema', 30,'France'),
(249, 1,'Roman','Bürki', 27,'Switzerland'),
(250, 1,'Sokratis','Papastathopoulos', 29,'Greece'),
(251, 1,'Ömer','Toprak', 28,'Turkey'),
(252, 1,'Gonzalo','Castro', 30,'Germany'),
(253, 1,'Marcel','Schmelzer', 30,'Germany'),
(254, 1,'Jeremy','Toljan', 23,'Germany'),
(255, 1,'Lukasz','Piszczek', 32,'Poland'),
(256, 1,'Mahmoud','Dahoud', 22,'Germany'),
(257, 1,'Nuri','Sahin', 29,'Turkey'),
(258, 1,'Julian','Weigl', 22,'Germany'),
(259, 1,'Mario','Götze', 25,'Germany'),
(260, 1,'Shinji','Kagawa', 29,'Japan'),
(261, 1,'Christian','Pulisic', 19,'USA'),
(262, 1,'Andriy','Yarmolenko', 28,'Ukraine'),
(263, 1,'Maximilian','Philipp', 24,'Germany'),
(264, 1,'André','Schürrle', 27,'Germany'),
(265, 1,'Hugo','Lloris', 31,'France'),
(266, 1,'Michel','Vorm', 34,'Netherlands'),
(267, 1,'Toby','Alderweireld', 29,'Belgium'),
(268, 1,'Eric','Dier', 24,'England'),
(269, 1,'Jan','Vertonghen', 31,'Belgium'),
(270, 1,'Kyle','Walker Peters', 21,'England'),
(271, 1,'Mousa','Dembélé', 30,'Belgium'),
(272, 1,'Christian','Eriksen', 26,'Denmark'),
(273, 1,'Moussa','Sissoko', 28,'France'),
(274, 1,'Kieran','Trippier', 27,'England'),
(275, 1,'Harry','Winks', 22,'England'),
(276, 1,'Dele','Alli', 22,'England'),
(277, 1,'Victor','Wanyama', 26,'Kenya'),
(278, 1,'Harry','Kane', 24,'England'),
(279, 1,'Erik','Lamela', 26,'Argentina'),
(280, 1,'Fernando','Llorente', 33,'Spain'),
(281, 1,'Nauzet','Pérez', 33,'Spain'),
(282, 1,'Giorgos','Merkis', 33,'Cyrpus'),
(283, 1,'Praxitelis','Vouros', 23,'Greece'),
(284, 1,'Roberto','Lago', 32,'Spain'),
(285, 1,'Carlão', NULL, 32,'Brazil'),
(286, 1,'Nuno','Morais', 34,'Portugal'),
(287, 1,'Carlos','Agustin Farias', 30,'Argentina'),
(288, 1,'Lucas', NULL, 27,'Brazil'),
(289, 1,'Tommy','Oar', 26,'Australia'),
(290, 1,'Roland','Sallai', 20,'Hungary'),
(291, 1,'Vinicius', NULL, 31,'Brazil'),
(292, 1,'Ghayas','Zahid', 23,'Pakistan'),
(293, 1,'Lorenzo','Ebecilio', 26,'Netherlands'),
(294, 1,'Efstathios','Aloneftis', 35,'Cyrpus'),
(295, 1,'Igor','De Camargo', 34,'Belgium'),
(296, 1,'Mickaël','Poté', 33,'Benin');


INSERT INTO team (TeamID, ManagerID, GroupID, TeamName, TeamNationality)
VALUES 
(1, 1, 'B', 'Bayern Munich', 'Germany'),
(2, 2, 'B', 'Paris Saint-Germain', 'France'), 
(3, 3, 'B', 'Anderlecht', 'Belgium'),
(4, 4, 'B', 'Celtic', 'Scotland'),
(5, 5, 'C', 'Chelsea', 'England'),
(6, 6, 'C', 'Atletico Madrid', 'Spain'),
(7, 7, 'C', 'Roma', 'Italy'),
(8, 8,'C', 'Qarabag', 'Azerbaijan'),
(9, 9, 'E', 'Spartak Moscow', 'Russia'),
(10, 10, 'E', 'Sevilla', 'Andalusia'),
(11, 11, 'E', 'Liverpool', 'England'),
(12, 12, 'E', 'Maribor', 'Slovenia'),
(13, 13, 'H', 'Real Madrid', 'Spain'),
(14, 14, 'H', 'Dortmund', 'Germany'),
(15, 15, 'H', 'Tottenham', 'England'),
(16, 16, 'H', 'APOEL', 'Cyprus');


INSERT INTO `match` (MatchID, MatchType, RefereeID, Location, Date)
VALUES 
-- Group B:
(1, 1, 17, 'Fußball Arena München - Munich', '2017-09-12'),
(2, 1, 18, 'Parc des Princes - Paris', '2017-09-27'),
(3, 1, 19, 'Fußball Arena München - Munich', '2017-10-18'),
(4, 1, 20, 'Constant Vanden Stock Stadium - Brussels', '2017-10-18'),
(5, 1, 21, 'Celtic Park - Glasgow', '2017-09-12'),
(6, 1, 22, 'Constant Vanden Stock Stadium - Brussels', '2017-09-27'),
-- Group C:
(7, 1, 23, 'Estadio Metropolitano - Madrid', '2017-09-27'),
(8, 1, 24, 'Stamford Bridge - London', '2017-10-18'),
(9, 1, 25, 'Stamford Bridge - London', '2017-09-12'),
(10, 1, 26, 'Stadio Olimpico - Rome', '2017-09-12'),
(11, 1, 27, 'Bakı Olimpiya Stadionu - Baku', '2017-10-18'),
(12, 1, 28, 'Bakı Olimpiya Stadionu - Baku', '2017-09-27'),
-- Group E:
(13, 1, 29, 'Stadion Spartak - Moscow', '2017-10-17'),
(14, 1, 30, 'Stadion Spartak - Moscow', '2017-09-26'),
(15, 1, 31, 'Estadio Santiago Bernabéu - Madrid', '2017-09-13'),
(16, 1, 32, 'Anfield - Liverpool', '2017-09-13'),
(17, 1, 33, 'Estadio Ramón Sánchez Pizjuán - Seville', '2017-09-26'),
(18, 1, 34, 'Stadion Ljudski vrt - Maribor', '2017-10-17'),
-- Group H:
(19, 1, 35, 'BVB Stadion Dortmund - Dortmund', '2017-09-26'),
(20, 1, 36, 'Estadio Santiago Bernabéu - Madrid', '2017-10-17'),
(21, 1, 37, 'Estadio Santiago Bernabéu - Madrid', '2017-10-18'),
(22, 1, 38, 'Wembley Stadium - London', '2017-09-13'),
(23, 1, 39, 'GSP - Nicosia', '2017-10-17'),
(24, 1, 40, 'GSP - Nicosia', '2017-09-26');


INSERT INTO team_plays_match (TeamMatchID, MatchID, TeamID, GoalsScored)
VALUES 
-- -------------------------------------------------
-- group B matches (Bayern, PSG, Anderlecht, Celtic)
-- -------------------------------------------------
-- Bayern matches
(1, 1, 1, 0),
(2, 1, 2, 3),
(3, 2, 1, 3),
(4, 2, 3, 0),
(5, 3, 1, 3),
(6, 3, 4, 0),
-- PSG
(7, 4, 2, 4),
(8, 4, 3, 0),
(9, 5, 2, 5),
(10, 5, 4, 0),
-- Anderlecht - Celtic
(11, 6, 3, 0),
(12, 6, 4, 3),

-- ---------------------------------------------------------
-- group C matches (Chelsea, Atletico Madrid, Roma, Qarabag)
-- ---------------------------------------------------------
-- Chelsea
(13, 7, 5, 2),
(14, 7, 6, 1),
(15, 8, 5, 3),
(16, 8, 7, 3),
(17, 9, 5, 6),
(18, 9, 8, 0),
-- Atletico Madrid
(19, 10, 6, 0),
(20, 10, 7, 0),
(21, 11, 6, 0),
(22, 11, 8, 0),
-- Roma - Qarabag
(23, 12, 7, 2),
(24, 12, 8, 1),

-- -------------------------------------------------------------
-- group E matches (Spartak Moscow, Sevilla, Liverpool, Maribor)
-- -------------------------------------------------------------
-- Spartak Moscow
(25, 13, 9, 5),
(26, 13, 10, 1),
(27, 14, 9, 1),
(28, 14, 11, 1),
(29, 15, 9, 1),
(30, 15, 12, 1),
-- Sevilla
(31, 16, 10, 2),
(32, 16, 11, 2),
(33, 17, 10, 3),
(34, 17, 12, 0),
-- Liverpool - Maribor
(35, 18, 11, 7),
(36, 18, 12, 0),

-- ----------------------------------------------------------
-- group H matches (Real Madrid, Dortmund, Tottenham, APOEL)
-- ----------------------------------------------------------
-- Real Madrid
(37, 19, 13, 3),
(38, 19, 14, 1),
(39, 20, 13, 1),
(40, 20, 15, 1),
(41, 21, 13, 3),
(42, 21, 16, 0),
-- Dortmund
(43, 22, 14, 1),
(44, 22, 15, 3),
(45, 23, 14, 1),
(46, 23, 16, 1),
-- Tottenham - APOEL
(47, 24, 15, 3),
(48, 24, 16, 0);

-- INSERTS FOR PLAYER
INSERT INTO player VALUES
(1, 41, 2, 1, 1, 1, 0, 0, 0, 0),
(2, 42, 2, 1, 2, 1, 0, 0, 0, 0),
(3, 43, 2, 2, 1, 1, 0, 0, 0, 0),
(4, 44, 2, 2, 1, 1, 0, 0, 0, 0),
(5, 45, 2, 2, 2, 1, 0, 0, 0, 0),
(6, 46, 2, 2, 1, 1, 0, 0, 0, 0),
(7, 47, 2, 3, 2, 1, 0, 0, 0, 0),
(8, 48, 2, 3, 1, 1, 0, 0, 0, 0),
(9, 49, 2, 3, 2, 1, 0, 0, 0, 0),
(10, 50, 2, 3, 1, 1, 1, 0, 0, 1),
(11, 51, 2, 3, 1, 1, 0, 0, 0, 0),
(12, 52, 2, 3, 1, 1, 2, 0, 0, 2),
(13, 53, 2, 3, 2, 1, 1, 0, 0, 0),
(14, 54, 2, 4, 1, 1, 2, 0, 0, 0),
(15, 55, 2, 4, 1, 1, 2, 1, 0, 0),
(16, 56, 2, 4, 1, 1, 4, 0, 0, 0),
(17, 57, 1, 1, 1, 1, 0, 0, 0, 1),
(18, 58, 1, 1, 2, 1, 0, 0, 0, 0),
(19, 59, 1, 2, 1, 1, 0, 0, 0, 0),
(20, 60, 1, 2, 1, 1, 0, 0, 0, 1),
(21, 61, 1, 2, 1, 1, 0, 0, 0, 0),
(22, 62, 1, 3, 1, 1, 0, 0, 0, 0),
(23, 63, 1, 3, 1, 1, 0, 0, 0, 0),
(24, 64, 1, 3, 2, 1, 0, 0, 0, 0),
(25, 65, 1, 3, 1, 1, 0, 0, 0, 1),
(26, 66, 1, 3, 2, 2, 0, 0, 0, 0),
(27, 67, 1, 3, 2, 1, 0, 0, 0, 0),
(28, 68, 1, 3, 1, 1, 3, 0, 0, 0),
(29, 69, 1, 3, 1, 1, 1, 1, 0, 0),
(30, 70, 1, 3, 2, 1, 0, 0, 0, 0),
(31, 71, 1, 4, 1, 1, 0, 0, 0, 0),
(32, 72, 1, 4, 1, 1, 2, 1, 0, 1),
(33, 73, 3, 1, 1, 1, 0, 0, 0, 0),
(34, 74, 3, 1, 2, 1, 0, 0, 0, 0),
(35, 75, 3, 2, 1, 1, 0, 0, 0, 0),
(36, 76, 3, 2, 1, 1, 0, 0, 0, 1),
(37, 77, 3, 2, 2, 1, 0, 0, 0, 0),
(38, 78, 3, 2, 2, 1, 0, 0, 0, 0),
(39, 79, 3, 2, 1, 1, 0, 0, 1, 0),
(40, 80, 3, 2, 1, 1, 0, 0, 0, 0),
(41, 81, 3, 3, 2, 1, 0, 0, 0, 0),
(42, 82, 3, 3, 1, 1, 0, 0, 0, 0),
(43, 83, 3, 3, 1, 1, 0, 0, 0, 0),
(44, 84, 3, 3, 1, 1, 0, 0, 0, 0),
(45, 85, 3, 3, 1, 1, 0, 0, 0, 0),
(46, 86, 3, 3, 2, 1, 0, 0, 0, 0),
(47, 87, 3, 4, 1, 1, 0, 1, 0, 0),
(48, 88, 3, 4, 1, 1, 0, 0, 0, 1),
(49, 89, 4, 1, 2, 1, 0, 0, 0, 0),
(50, 90, 4, 1, 1, 1, 0, 0, 0, 0),
(51, 91, 4, 2, 1, 1, 0, 0, 0, 0),
(52, 92, 4, 2, 1, 1, 0, 0, 0, 1),
(53, 93, 4, 2, 1, 1, 0, 0, 0, 0),
(54, 94, 4, 2, 1, 1, 0, 0, 0, 0),
(55, 95, 4, 3, 2, 1, 0, 0, 0, 0),
(56, 96, 4, 3, 1, 1, 0, 0, 0, 0),
(57, 97, 4, 3, 1, 1, 0, 0, 0, 1),
(58, 98, 4, 3, 2, 1, 0, 0, 0, 0),
(59, 99, 4, 3, 1, 1, 1, 1, 0, 0),
(60, 100, 4, 3, 2, 1, 0, 0, 0, 0),
(61, 101, 4, 4, 1, 1, 2, 1, 0, 0),
(62, 102, 4, 4, 2, 1, 0, 0, 0, 0),
(63, 103, 4, 4, 1, 1, 0, 0, 0, 0),
(64, 104, 4, 4, 1, 1, 0, 0, 0, 2),
(65, 105, 5, 1, 1, 1, 0, 0, 0, 0),
(66, 106, 5, 2, 1, 1, 0, 0, 0, 0),
(67, 107, 5, 2, 2, 1, 0, 0, 0, 0),
(68, 108, 5, 2, 1, 1, 0, 0, 0, 0),
(69, 109, 5, 2, 1, 1, 0, 0, 0, 0),
(70, 110, 5, 2, 1, 1, 1, 0, 0, 2),
(71, 111, 5, 3, 2, 2, 0, 0, 0, 0),
(72, 112, 5, 3, 1, 1, 1, 0, 0, 1),
(73, 113, 5, 3, 1, 1, 2, 0, 0, 0),
(74, 114, 5, 3, 2, 1, 0, 0, 0, 0),
(75, 115, 5, 3, 2, 1, 0, 0, 0, 0),
(76, 116, 5, 3, 1, 1, 2, 1, 0, 0),
(77, 117, 5, 3, 2, 1, 0, 0, 0, 0),
(78, 118, 5, 3, 1, 1, 3, 0, 0, 1),
(79, 119, 5, 4, 1, 1, 1, 1, 0, 0),
(80, 120, 5, 4, 1, 1, 1, 0, 0, 0),
(81, 121, 6, 1, 1, 1, 0, 0, 0, 0),
(82, 122, 6, 2, 1, 1, 0, 0, 0, 0),
(83, 123, 6, 2, 1, 1, 0, 0, 0, 0),
(84, 124, 6, 2, 1, 1, 0, 0, 1, 1),
(85, 125, 6, 2, 2, 1, 0, 0, 0, 0),
(86, 126, 6, 2, 1, 1, 0, 0, 0, 0),
(87, 127, 6, 3, 2, 1, 0, 0, 0, 0),
(88, 128, 6, 3, 1, 1, 0, 0, 0, 0),
(89, 129, 6, 3, 1, 1, 0, 0, 0, 0),
(90, 130, 6, 3, 2, 1, 0, 0, 0, 0),
(91, 131, 6, 3, 1, 1, 0, 1, 0, 1),
(92, 132, 6, 3, 1, 1, 0, 0, 0, 0),
(93, 133, 6, 4, 2, 1, 0, 0, 0, 0),
(94, 134, 6, 4, 2, 1, 0, 0, 0, 0),
(95, 135, 6, 4, 1, 1, 1, 1, 0, 1),
(96, 136, 6, 4, 1, 1, 0, 0, 0, 0),
(97, 137, 7, 1, 1, 1, 0, 0, 0, 1),
(98, 138, 7, 2, 1, 1, 0, 0, 0, 0),
(99, 139, 7, 2, 1, 1, 0, 0, 0, 0),
(100, 140, 7, 2, 1, 1, 0, 0, 0, 0),
(101, 141, 7, 2, 1, 1, 0, 0, 0, 1),
(102, 142, 7, 3, 1, 1, 1, 0, 0, 0),
(103, 143, 7, 3, 2, 2, 0, 0, 0, 0),
(104, 144, 7, 3, 2, 1, 0, 0, 0, 0),
(105, 145, 7, 3, 2, 1, 0, 0, 0, 0),
(106, 146, 7, 3, 1, 1, 0, 0, 0, 0),
(107, 147, 7, 3, 2, 1, 0, 0, 0, 0),
(108, 148, 7, 3, 1, 1, 0, 0, 0, 0),
(109, 149, 7, 3, 1, 1, 0, 1, 0, 1),
(110, 150, 7, 4, 1, 1, 2, 0, 0, 0),
(111, 151, 7, 4, 1, 1, 2, 1, 0, 2),
(112, 152, 7, 4, 2, 1, 0, 0, 0, 0),
(113, 153, 8, 1, 1, 1, 0, 0, 0, 0),
(114, 154, 8, 2, 2, 1, 0, 0, 0, 0),
(115, 155, 8, 2, 1, 1, 0, 0, 0, 0),
(116, 156, 8, 2, 1, 1, 0, 0, 0, 0),
(117, 157, 8, 2, 2, 1, 0, 0, 0, 0),
(118, 158, 8, 2, 1, 1, 0, 0, 0, 1),
(119, 159, 8, 2, 1, 1, 0, 0, 0, 0),
(120, 160, 8, 3, 2, 1, 0, 0, 0, 0),
(121, 161, 8, 3, 2, 1, 0, 0, 0, 0),
(122, 162, 8, 3, 1, 1, 0, 1, 0, 0),
(123, 163, 8, 3, 1, 1, 0, 0, 0, 1),
(124, 164, 8, 3, 1, 1, 0, 0, 0, 0),
(125, 165, 8, 3, 2, 1, 0, 0, 0, 0),
(126, 166, 8, 4, 1, 1, 0, 1, 0, 1),
(127, 167, 8, 4, 1, 1, 0, 0, 0, 0),
(128, 168, 8, 4, 1, 1, 1, 0, 0, 0),
(129, 169, 9, 1, 1, 1, 0, 0, 0, 2),
(130, 170, 9, 2, 2, 2, 0, 0, 0, 0),
(131, 171, 9, 2, 2, 1, 0, 0, 0, 0),
(132, 172, 9, 2, 1, 1, 1, 0, 0, 0),
(133, 173, 9, 2, 1, 1, 0, 0, 1, 0),
(134, 174, 9, 2, 1, 1, 0, 0, 0, 0),
(135, 175, 9, 2, 1, 1, 0, 0, 0, 0),
(136, 176, 9, 3, 1, 1, 0, 0, 0, 1),
(137, 177, 9, 3, 2, 1, 0, 0, 0, 0),
(138, 178, 9, 3, 2, 1, 1, 0, 0, 0),
(139, 179, 9, 3, 2, 1, 0, 0, 0, 0),
(140, 180, 9, 3, 1, 1, 1, 0, 0, 0),
(141, 181, 9, 3, 1, 1, 2, 1, 0, 0),
(142, 182, 9, 3, 1, 1, 0, 0, 0, 0),
(143, 183, 9, 4, 1, 1, 2, 0, 0, 0),
(144, 184, 9, 4, 1, 1, 0, 0, 0, 0),
(145, 185, 10, 1, 1, 1, 0, 0, 0, 2),
(146, 186, 10, 2, 1, 1, 0, 0, 0, 1),
(147, 187, 10, 2, 1, 1, 0, 0, 0, 0),
(148, 188, 10, 2, 1, 1, 0, 0, 0, 0),
(149, 189, 10, 2, 1, 1, 0, 1, 0, 0),
(150, 190, 10, 3, 2, 1, 0, 0, 0, 0),
(151, 191, 10, 3, 2, 1, 0, 0, 0, 0),
(152, 192, 10, 3, 1, 1, 1, 0, 0, 0),
(153, 193, 10, 3, 1, 1, 0, 0, 0, 0),
(154, 194, 10, 3, 2, 1, 0, 0, 0, 0),
(155, 195, 10, 3, 1, 1, 2, 0, 0, 0),
(156, 196, 10, 3, 2, 1, 0, 0, 0, 0),
(157, 197, 10, 3, 2, 1, 0, 0, 0, 0),
(158, 198, 10, 4, 1, 1, 2, 0, 0, 0),
(159, 199, 10, 4, 1, 1, 0, 0, 0, 2),
(160, 200, 10, 4, 1, 1, 1, 0, 0, 0),
(161, 201, 11, 1, 2, 1, 0, 0, 0, 0),
(162, 202, 11, 1, 1, 1, 0, 0, 0, 0),
(163, 203, 11, 2, 1, 1, 0, 0, 0, 0),
(164, 204, 11, 2, 1, 1, 0, 0, 0, 1),
(165, 205, 11, 2, 2, 1, 0, 0, 0, 0),
(166, 206, 11, 2, 1, 1, 0, 0, 0, 0),
(167, 207, 11, 2, 2, 1, 0, 0, 0, 0),
(168, 208, 11, 2, 1, 1, 0, 1, 0, 0),
(169, 209, 11, 3, 2, 1, 0, 0, 0, 0),
(170, 210, 11, 3, 1, 1, 0, 0, 0, 0),
(171, 211, 11, 3, 1, 1, 0, 0, 0, 0),
(172, 212, 11, 4, 1, 1, 3, 0, 0, 1),
(173, 213, 11, 3, 1, 1, 0, 0, 0, 0),
(174, 214, 11, 3, 2, 2, 0, 0, 0, 0),
(175, 215, 11, 4, 1, 1, 1, 0, 0, 0),
(176, 216, 11, 4, 1, 1, 7, 0, 0, 0),
(177, 217, 12, 1, 2, 1, 0, 0, 0, 0),
(178, 218, 12, 1, 1, 1, 0, 0, 0, 1),
(179, 219, 12, 2, 1, 1, 0, 0, 0, 0),
(180, 220, 12, 2, 1, 1, 0, 0, 0, 0),
(181, 221, 12, 2, 1, 1, 0, 0, 0, 0),
(182, 222, 12, 3, 1, 1, 0, 1, 0, 1),
(183, 223, 12, 3, 1, 1, 0, 0, 0, 0),
(184, 224, 12, 3, 2, 1, 0, 0, 0, 0),
(185, 225, 12, 3, 1, 1, 0, 0, 0, 1),
(186, 226, 12, 3, 1, 1, 0, 0, 0, 0),
(187, 227, 12, 3, 2, 1, 0, 0, 0, 0),
(188, 228, 12, 4, 1, 1, 0, 1, 0, 0),
(189, 229, 12, 4, 2, 1, 0, 0, 0, 0),
(190, 230, 12, 4, 1, 1, 0, 0, 0, 0),
(191, 231, 12, 4, 1, 1, 1, 0, 0, 0),
(192, 232, 12, 4, 2, 1, 0, 0, 0, 0),
(193, 233, 13, 1, 1, 1, 0, 0, 0, 0),
(194, 234, 13, 2, 2, 1, 0, 0, 0, 0),
(195, 235, 13, 2, 1, 1, 0, 0, 1, 0),
(196, 236, 13, 2, 1, 1, 0, 0, 0, 0),
(197, 237, 13, 2, 1, 1, 0, 0, 0, 1),
(198, 238, 13, 2, 1, 1, 0, 0, 0, 1),
(199, 239, 13, 3, 2, 1, 0, 0, 0, 0),
(200, 240, 13, 4, 2, 2, 0, 0, 0, 0),
(201, 241, 13, 3, 2, 1, 0, 0, 0, 0),
(202, 242, 13, 3, 1, 1, 0, 0, 0, 0),
(203, 243, 13, 3, 1, 1, 1, 0, 0, 0),
(204, 244, 13, 4, 1, 1, 0, 0, 0, 1),
(205, 245, 13, 3, 1, 1, 0, 1, 0, 1),
(206, 246, 13, 3, 2, 1, 1, 0, 0, 0),
(207, 247, 13, 4, 1, 1, 3, 0, 0, 0),
(208, 248, 13, 4, 1, 1, 2, 0, 0, 0),
(209, 249, 14, 1, 1, 1, 0, 0, 0, 0),
(210, 250, 14, 2, 1, 1, 0, 0, 0, 0),
(211, 251, 14, 2, 1, 1, 0, 0, 0, 0),
(212, 252, 14, 2, 1, 1, 0, 0, 0, 2),
(213, 253, 14, 2, 1, 1, 0, 0, 0, 0),
(214, 254, 14, 2, 2, 1, 0, 0, 0, 0),
(215, 255, 14, 3, 1, 1, 0, 0, 0, 1),
(216, 256, 14, 3, 2, 1, 0, 0, 0, 0),
(217, 257, 14, 3, 1, 1, 1, 0, 0, 0),
(218, 258, 14, 3, 2, 1, 0, 0, 0, 0),
(219, 259, 14, 3, 1, 1, 1, 1, 0, 0),
(220, 260, 14, 3, 1, 1, 1, 0, 0, 0),
(221, 261, 14, 3, 2, 1, 0, 0, 0, 0),
(222, 262, 14, 3, 2, 1, 0, 0, 0, 0),
(223, 263, 14, 4, 1, 1, 0, 0, 0, 0),
(224, 264, 14, 4, 1, 1, 0, 0, 0, 0),
(225, 265, 15, 1, 1, 1, 0, 0, 0, 2),
(226, 266, 15, 1, 2, 2, 0, 0, 0, 0),
(227, 267, 15, 2, 1, 1, 0, 1, 0, 0),
(228, 268, 15, 2, 1, 1, 0, 0, 0, 0),
(229, 269, 15, 2, 1, 1, 0, 0, 0, 0),
(230, 270, 15, 2, 1, 1, 0, 0, 0, 1),
(231, 271, 15, 3, 1, 1, 0, 0, 0, 0),
(232, 272, 15, 3, 1, 1, 1, 0, 0, 1),
(233, 273, 15, 4, 2, 1, 0, 0, 0, 0),
(234, 274, 15, 3, 1, 1, 0, 0, 0, 0),
(235, 275, 15, 3, 2, 1, 0, 0, 0, 0),
(236, 276, 15, 3, 1, 1, 2, 0, 0, 0),
(237, 277, 15, 3, 2, 1, 0, 0, 0, 0),
(238, 278, 15, 4, 1, 1, 4, 1, 0, 0),
(239, 279, 15, 4, 1, 1, 0, 0, 0, 1),
(240, 280, 15, 4, 2, 1, 0, 0, 0, 0),
(241, 281, 16, 1, 1, 1, 0, 0, 0, 0),
(242, 282, 16, 2, 1, 1, 0, 0, 0, 1),
(243, 283, 16, 2, 1, 1, 0, 0, 0, 0),
(244, 284, 16, 2, 1, 1, 0, 0, 1, 2),
(245, 285, 16, 4, 2, 1, 0, 0, 0, 0),
(246, 286, 16, 3, 1, 1, 0, 0, 0, 0),
(247, 287, 16, 3, 2, 1, 0, 0, 0, 0),
(248, 288, 16, 3, 2, 1, 0, 0, 0, 0),
(249, 289, 16, 3, 2, 1, 0, 0, 0, 0),
(250, 290, 16, 3, 1, 1, 0, 0, 0, 0),
(251, 291, 16, 3, 2, 2, 0, 0, 0, 0),
(252, 292, 16, 3, 1, 1, 0, 0, 0, 1),
(253, 293, 16, 3, 1, 1, 0, 0, 0, 0),
(254, 294, 16, 4, 1, 1, 0, 1, 0, 1),
(255, 295, 16, 4, 1, 1, 0, 0, 0, 1),
(256, 296, 16, 4, 1, 1, 0, 0, 0, 0);


INSERT INTO award
VALUES
(1, NULL, 'Top Scorer'),
(2, NULL, 'Most Assists'),
(3,	216, 'Player of the Tournament'),
(4,	13, 'Manager of the Tournament');